순번,시도,시군구,건물번호,건물명,행정동,행정동코드,법정동,법정동코드,지번주소,도로명주소,총설치대수,총설치기수
1,대전광역시,서구,43411,건물명없음,도안동,3017059300,도안동,3017011500,대전광역시 서구 가수원동 1035,대전광역시 서구 도안동로11번길 22 (가수원동 1035),11,1
2,대전광역시,서구,41583,가수원클리닉,도안동,3017059300,도안동,3017011500,대전광역시 서구 가수원동 1050,대전광역시 서구 계백로 1141 (가수원동 1050),10,1
3,대전광역시,서구,42482,헤브론빌딩,도안동,3017059300,도안동,3017011500,대전광역시 서구 가수원동 1319,대전광역시 서구 도안동로 10 (가수원동 1319),32,1
4,대전광역시,서구,27819,김봉천정형외과,가수원동,3017059000,가수원동,3017011400,대전광역시 서구 가수원동 655-7,대전광역시 서구 계백로 1130 (가수원동),2,1
5,대전광역시,서구,44358,건물명없음,도안동,3017059300,도안동,3017011500,대전광역시 서구 가수원동 851,대전광역시 서구 원도안로25번길 70 (가수원동 851),20,1
6,대전광역시,서구,27786,영호빌딩,갈마2동,3017058200,갈마동,3017011100,대전광역시 서구 갈마동 1043,대전광역시 서구 대덕대로167번길 5 (갈마동),30,1
7,대전광역시,서구,28674,아주상가주택,갈마2동,3017058200,갈마동,3017011100,대전광역시 서구 갈마동 1044-1,대전광역시 서구 대덕대로161번길 10 (갈마동),8,1
8,대전광역시,서구,27836,정우빌딩,갈마2동,3017058200,갈마동,3017011100,대전광역시 서구 갈마동 1129,대전광역시 서구 대덕대로 141 (갈마동),16,1
9,대전광역시,서구,27723,창용빌딩,갈마2동,3017058200,갈마동,3017011100,대전광역시 서구 갈마동 1129-1,대전광역시 서구 대덕대로 139 (갈마동),10,1
10,대전광역시,서구,27820,동해빌딩,갈마2동,3017058200,갈마동,3017011100,대전광역시 서구 갈마동 1129-2,대전광역시 서구 대덕대로 137 (갈마동),10,1
11,대전광역시,서구,27816,경성쇼핑,갈마2동,3017058200,갈마동,3017011100,대전광역시 서구 갈마동 1418,대전광역시 서구 대덕대로 150 (갈마동),96,12
12,대전광역시,서구,27822,1419빌딩,갈마2동,3017058200,갈마동,3017011100,대전광역시 서구 갈마동 1419,대전광역시 서구 계룡로500번길 18 (갈마동),6,1
13,대전광역시,서구,27852,둔산코아,갈마2동,3017058200,갈마동,3017011100,대전광역시 서구 갈마동 1427,대전광역시 서구 대덕대로162번길 43,24,1
14,대전광역시,서구,27777,기은빌딩,갈마2동,3017058200,갈마동,3017011100,대전광역시 서구 갈마동 1431,대전광역시 서구 대덕대로162번길 29 (갈마동),12,1
15,대전광역시,서구,28503,삼영빌딩,갈마2동,3017058200,갈마동,3017011100,대전광역시 서구 갈마동 1432,대전광역시 서구 대덕대로162번길 23 (갈마동),11,1
16,대전광역시,서구,27794,계룡건강랜드,갈마2동,3017058200,갈마동,3017011100,대전광역시 서구 갈마동 1435,대전광역시 서구 대덕대로 164 (갈마동),40,1
17,대전광역시,서구,27843,오벨리스크,갈마2동,3017058200,갈마동,3017011100,대전광역시 서구 갈마동 1436,대전광역시 서구 대덕대로168번길 18 (갈마동),11,1
18,대전광역시,서구,28578,동원빌딩,갈마2동,3017058200,갈마동,3017011100,대전광역시 서구 갈마동 1438,대전광역시 서구 대덕대로168번길 26 (갈마동),12,1
19,대전광역시,서구,27940,연합뉴스대전사옥,갈마2동,3017058200,갈마동,3017011100,대전광역시 서구 갈마동 1445,대전광역시 서구 대덕대로168번길 64 (갈마동),6,1
20,대전광역시,서구,27807,장원빌딩,갈마2동,3017058200,갈마동,3017011100,대전광역시 서구 갈마동 1452,대전광역시 서구 계룡로500번길 10 (갈마동),32,1
21,대전광역시,서구,35518,대전일보사,갈마1동,3017058100,갈마동,3017011100,대전광역시 서구 갈마동 274-7,대전광역시 서구 계룡로 314 (갈마동),44,2
22,대전광역시,서구,27792,(주)인코리아,갈마1동,3017058100,갈마동,3017011100,대전광역시 서구 갈마동 316-4,대전광역시 서구 신갈마로 183 (갈마동),40,1
23,대전광역시,서구,37410,금강빌딩,갈마1동,3017058100,갈마동,3017011100,대전광역시 서구 갈마동 316-42,대전광역시 서구 신갈마로 193 (갈마동),14,1
24,대전광역시,서구,41823,동화스위트홈,갈마1동,3017058100,갈마동,3017011100,대전광역시 서구 갈마동 316-5,대전광역시 서구 신갈마로181번길 10 (갈마동),5,1
25,대전광역시,서구,38467,건물명없음,갈마2동,3017058200,갈마동,3017011100,대전광역시 서구 갈마동 362-7,대전광역시 서구 갈마로 51 (갈마동),6,1
26,대전광역시,서구,27873,그린빌라,갈마1동,3017058100,갈마동,3017011100,대전광역시 서구 갈마동 363-9,대전광역시 서구 신갈마로 160-3 (갈마동),4,1
27,대전광역시,서구,27904,청운빌딩,갈마1동,3017058100,갈마동,3017011100,대전광역시 서구 갈마동 377-37,대전광역시 서구 신갈마로141번길 6 (갈마동),5,2
28,대전광역시,서구,27849,황진옥빌딩,갈마1동,3017058100,갈마동,3017011100,대전광역시 서구 갈마동 379-11,대전광역시 서구 신갈마로 136 (갈마동),9,1
29,대전광역시,서구,37513,양녕요양병원,갈마1동,3017058100,갈마동,3017011100,대전광역시 서구 갈마동 393-1,대전광역시 서구 신갈마로 126 (갈마동),48,2
30,대전광역시,서구,48217,양녕빌딩,갈마1동,3017058100,갈마동,3017011100,대전광역시 서구 갈마동 393-18,대전광역시 서구 갈마로 88 (갈마동 393-18),11,1
31,대전광역시,서구,33335,예람빌딩,갈마2동,3017058200,갈마동,3017011100,대전광역시 서구 갈마동 404-5,대전광역시 서구 갈마로 107 (갈마동),8,2
32,대전광역시,서구,27893,신선타워,관저2동,3017059700,관저동,3017011600,대전광역시 서구 관저동 1109,대전광역시 서구 관저중로95번길 105 (관저동),11,1
33,대전광역시,서구,33328,관저크리닉,관저2동,3017059700,관저동,3017011600,대전광역시 서구 관저동 1112,대전광역시 서구 관저중로95번길 57 (관저동),20,2
34,대전광역시,서구,27789,문룡빌딩,관저2동,3017059700,관저동,3017011600,대전광역시 서구 관저동 1113,대전광역시 서구 관저중로95번길 56 (관저동),8,1
35,대전광역시,서구,28627,구봉타워빌딩,관저2동,3017059700,관저동,3017011600,대전광역시 서구 관저동 1120,대전광역시 서구 관저중로95번길 106 (관저동),8,1
36,대전광역시,서구,27837,아이누리유치원,관저2동,3017059700,관저동,3017011600,대전광역시 서구 관저동 1147,대전광역시 서구 관저서로 70 (관저동),6,1
37,대전광역시,서구,28625,하이존상가,관저2동,3017059700,관저동,3017011600,대전광역시 서구 관저동 1340,대전광역시 서구 관저로 157 (관저동),44,1
38,대전광역시,서구,27956,크로바타워,관저2동,3017059700,관저동,3017011600,대전광역시 서구 관저동 1404,대전광역시 서구 관저동로 72 (관저동),7,1
39,대전광역시,서구,27806,영광빌딩,관저2동,3017059700,관저동,3017011600,대전광역시 서구 관저동 1414,대전광역시 서구 관저동로 86 (관저동),14,1
40,대전광역시,서구,41545,스마트타운,관저2동,3017059700,관저동,3017011600,대전광역시 서구 관저동 1513,대전광역시 서구 구봉로131번길 49(관저동),4,1
41,대전광역시,서구,44855,건물명없음,관저2동,3017059700,관저동,3017011600,대전광역시 서구 관저동 1526,대전광역시 서구 관저중로64번길 36 (관저동 1526),4,1
42,대전광역시,서구,47132,건물명없음,관저1동,3017059600,관저동,3017011600,대전광역시 서구 관저동 1751,대전광역시 서구 관저동 1751,44,1
43,대전광역시,서구,38810,미소타워,관저1동,3017059600,관저동,3017011600,대전광역시 서구 관저동 1885,대전광역시 서구 도안남로 137 (관저동),8,1
44,대전광역시,서구,48732,건물명없음,관저1동,3017059600,관저동,3017011600,대전광역시 서구 관저동 1888,대전광역시 서구 도안남로 143 (관저동 1888),12,1
45,대전광역시,서구,48315,건물명없음,관저2동,3017059700,관저동,3017011600,대전광역시 서구 관저동 1952-3,대전광역시 서구 관저동 1952-3,5,1
46,대전광역시,서구,44020,서일빌딩,관저2동,3017059700,관저동,3017011600,대전광역시 서구 관저동 1962-9,대전광역시 서구 구봉산북로21번길 2,6,1
47,대전광역시,서구,45937,건물명없음,관저2동,3017059700,관저동,3017011600,대전광역시 서구 관저동 1989,대전광역시 서구 관저로14번길 40 (관저동 1989) 비젼9,8,1
48,대전광역시,서구,52523,숭어리샘타운,괴정동,3017056000,괴정동,3017010800,대전광역시 서구 괴정동 122-8 외2필지,대전광역시 서구 괴정로 28 (괴정동 122-8) 외2필지,50,1
49,대전광역시,서구,27957,대전지방세무사회,괴정동,3017056000,괴정동,3017010800,대전광역시 서구 괴정동 135-15,대전광역시 서구 갈마로 184-8 (괴정동),6,1
50,대전광역시,서구,33627,한양빌딩,괴정동,3017056000,괴정동,3017010800,대전광역시 서구 괴정동 1-5,대전광역시 서구 계룡로 566 (괴정동),10,2
51,대전광역시,서구,27835,대한생활불교회,괴정동,3017056000,괴정동,3017010800,대전광역시 서구 괴정동 15-4,대전광역시 서구 계룡로536번길 20 (괴정동),8,1
52,대전광역시,서구,27854,정일빌딩,괴정동,3017056000,괴정동,3017010800,대전광역시 서구 괴정동 423-17,대전광역시 서구 도솔로388번길 32 (괴정동),8,1
53,대전광역시,서구,27815,오상빌딩,괴정동,3017056000,괴정동,3017010800,대전광역시 서구 괴정동 423-19,대전광역시 서구 용문로 41-88 (괴정동),4,1
54,대전광역시,서구,27800,샤롯데빌딩,괴정동,3017056000,괴정동,3017010800,대전광역시 서구 괴정동 423-20,대전광역시 서구 도솔로388번길 28 (괴정동),8,1
55,대전광역시,서구,27892,롯데문화센터(세창빌딩),괴정동,3017056000,괴정동,3017010800,대전광역시 서구 괴정동 423-32,대전광역시 서구 계룡로 612 (괴정동),8,1
56,대전광역시,서구,28450,오렌지크리닉센터,괴정동,3017056000,괴정동,3017010800,대전광역시 서구 괴정동 423-4,대전광역시 서구 계룡로 616 (괴정동),44,1
57,대전광역시,서구,27798,CF모텔,괴정동,3017056000,괴정동,3017010800,대전광역시 서구 괴정동 426-13,대전광역시 서구 계룡로620번길 32 (괴정동),8,1
58,대전광역시,서구,37065,건물명없음,괴정동,3017056000,괴정동,3017010800,대전광역시 서구 괴정동 427-29,대전광역시 서구 용문로 47 (괴정동),10,1
59,대전광역시,서구,27830,코리아메디컬타워,괴정동,3017056000,괴정동,3017010800,대전광역시 서구 괴정동 5-9,대전광역시 서구 계룡로 586 (괴정동),50,1
60,대전광역시,서구,43102,다나빌딩,괴정동,3017056000,괴정동,3017010800,대전광역시 서구 괴정동 7-5,대전광역시 서구 괴정동 7-5,22,1
61,대전광역시,서구,27857,(주)제이앤에스리대전지점,괴정동,3017056000,괴정동,3017010800,대전광역시 서구 괴정동 91-22,대전광역시 서구 갈마로 255 (괴정동),28,1
62,대전광역시,서구,28608,블루타워,내동,3017057500,내동,3017011000,대전광역시 서구 내동 8-43,대전광역시 서구 도산로 245 (내동),20,1
63,대전광역시,서구,27959,오페라하우스,도마2동,3017053000,도마동,3017010300,대전광역시 서구 도마동 106-23,대전광역시 서구 도솔로 74 (도마동),16,1
64,대전광역시,서구,27817,제일학원,도마2동,3017053000,도마동,3017010300,대전광역시 서구 도마동 145-11,대전광역시 서구 도산로 69 (도마동),12,1
65,대전광역시,서구,27859,정선빌딩,도마2동,3017053000,도마동,3017010300,대전광역시 서구 도마동 171-55,대전광역시 서구 계백로 1405 (도마동),8,1
66,대전광역시,서구,27829,도마라이프크리닉,도마2동,3017053000,도마동,3017010300,대전광역시 서구 도마동 172-15,대전광역시 서구 도산로 51 (도마동),18,3
67,대전광역시,서구,49857,이든 듀플렉스빌,도마2동,3017053000,도마동,3017010300,대전광역시 서구 도마동 172-25,대전광역시 서구 도마동 172-25,34,1
68,대전광역시,서구,27937,혜진빌딩,도마1동,3017052000,도마동,3017010300,대전광역시 서구 도마동 17-40,대전광역시 서구 변동중로 28 (도마동 17-40),4,1
69,대전광역시,서구,28387,인애가한방병원,도마1동,3017052000,도마동,3017010300,대전광역시 서구 도마동 175-18,대전광역시 서구 도산로 44 (도마동),28,1
70,대전광역시,서구,27884,세인빌딩,도마1동,3017052000,도마동,3017010300,대전광역시 서구 도마동 175-20,대전광역시 서구 계백로 1436 (도마동),16,1
71,대전광역시,서구,27921,신평빌딩,도마2동,3017053000,도마동,3017010300,대전광역시 서구 도마동 194-1,대전광역시 서구 배재로 175 (도마동),17,1
72,대전광역시,서구,44809,매봉빌딩,도마1동,3017052000,도마동,3017010300,대전광역시 서구 도마동 23-6 외5필지,대전광역시 서구 배재로 188 (도마동 23-6),19,1
73,대전광역시,서구,40993,성광타워,도안동,3017059300,도안동,3017011500,대전광역시 서구 도안동 1580,대전광역시 서구 원도안로 51 (가수원동),22,1
74,대전광역시,서구,43033,건물명없음,도안동,3017059300,도안동,3017011500,대전광역시 서구 도안동 1585 외1필지,대전광역시 서구 원도안로25번길 88,18,1
75,대전광역시,서구,43095,지산프리미엄,도안동,3017059300,도안동,3017011500,대전광역시 서구 도안동 1788,대전광역시 서구 계백로 1153 (도안동),8,1
76,대전광역시,서구,43412,건물명없음,도안동,3017059300,도안동,3017011500,대전광역시 서구 도안동 2054,대전광역시 서구 계백로 1177 (가수원동 1324),15,1
77,대전광역시,서구,39399,더블루힐,도안동,3017059300,도안동,3017011500,대전광역시 서구 도안동 848,대전광역시 서구 도안북로93번길 31 (도안동 848) 도안 더 블루힐,22,1
78,대전광역시,서구,41322,건물명없음,도안동,3017059300,도안동,3017011500,대전광역시 서구 도안동 851,대전광역시 서구 동서대로 688(도안동),7,1
79,대전광역시,서구,52713,Crete Hills,도안동,3017059300,도안동,3017011500,대전광역시 서구 도안동 857 크레타힐즈,대전광역시 서구 도안북로93번길 62 (도안동),28,1
80,대전광역시,서구,39232,리더스타워,도안동,3017059300,도안동,3017011500,대전광역시 서구 도안동 862-0,대전광역시 서구 도안북로93번길 20-5(도안동),14,1
81,대전광역시,서구,39251,캠퍼스탑,도안동,3017059300,도안동,3017011500,대전광역시 서구 도안동 864,대전광역시 서구 도안북로93번길 20-11 (도안동 864),16,1
82,대전광역시,서구,40472,캠퍼스힐,도안동,3017059300,도안동,3017011500,대전광역시 서구 도안동 866,대전광역시 서구 도안북로93번길 20-17 (도안동),16,1
83,대전광역시,서구,40473,캠퍼스뷰,도안동,3017059300,도안동,3017011500,대전광역시 서구 도안동 867,대전광역시 서구 도안북로93번길 20-21 (도안동),16,1
84,대전광역시,서구,39072,자몽빌딩,도안동,3017059300,도안동,3017011500,대전광역시 서구 도안동 873,대전광역시 서구 도안북로93번길 10-7,6,1
85,대전광역시,서구,39246,도안타워,도안동,3017059300,도안동,3017011500,대전광역시 서구 도안동 878,대전광역시 서구 도안북로 101 (도안동),30,1
86,대전광역시,서구,39351,성광타워,도안동,3017059300,도안동,3017011500,대전광역시 서구 도안동 880,대전광역시 서구 도안북로 107 (도안동 880),14,1
87,대전광역시,서구,27973,홀리뷰빌딩,둔산2동,3017064000,둔산동,3017011200,대전광역시 서구 둔산동 1001,대전광역시 서구 둔산로31번길 72 (둔산동),40,1
88,대전광역시,서구,28683,1004빌딩,둔산2동,3017064000,둔산동,3017011200,대전광역시 서구 둔산동 1004,대전광역시 서구 둔산로31번길 56 (둔산동),14,1
89,대전광역시,서구,28822,로뎀빌딩,둔산2동,3017064000,둔산동,3017011200,대전광역시 서구 둔산동 1005,대전광역시 서구 둔산로31번길 52 (둔산동),18,1
90,대전광역시,서구,33333,국제빌딩,둔산2동,3017064000,둔산동,3017011200,대전광역시 서구 둔산동 1007,대전광역시 서구 대덕대로233번길 28 (둔산동),18,3
91,대전광역시,서구,27978,우정빌딩,둔산2동,3017064000,둔산동,3017011200,대전광역시 서구 둔산동 1009,대전광역시 서구 둔산로31번길 32 (둔산동),16,1
92,대전광역시,서구,36693,금정빌딩,둔산2동,3017064000,둔산동,3017011200,대전광역시 서구 둔산동 1010,대전광역시 서구 둔산로31번길 28 (둔산동),16,1
93,대전광역시,서구,33348,피카소빌딩,둔산2동,3017064000,둔산동,3017011200,대전광역시 서구 둔산동 1014,대전광역시 서구 둔산로31번길 10-23 (둔산동),22,2
94,대전광역시,서구,45189,대원빌딩,둔산2동,3017064000,둔산동,3017011200,대전광역시 서구 둔산동 1015,대전광역시 서구 둔산로31번길 10-35 (둔산동 1015),30,1
95,대전광역시,서구,28642,해운빌딩,둔산2동,3017064000,둔산동,3017011200,대전광역시 서구 둔산동 1016,대전광역시 서구 대덕대로233번길 17 (둔산동),26,1
96,대전광역시,서구,28055,청남빌딩,둔산2동,3017064000,둔산동,3017011200,대전광역시 서구 둔산동 1022,대전광역시 서구 대덕대로241번길 20 (둔산동),26,1
97,대전광역시,서구,36036,광신빌딩,둔산2동,3017064000,둔산동,3017011200,대전광역시 서구 둔산동 1026,대전광역시 서구 대덕대로 243 (둔산동),94,4
98,대전광역시,서구,27990,대전눈높이대교센터,둔산2동,3017064000,둔산동,3017011200,대전광역시 서구 둔산동 1028,대전광역시 서구 대덕대로 239 (둔산동),145,3
99,대전광역시,서구,28026,하나은행빌딩,둔산2동,3017064000,둔산동,3017011200,대전광역시 서구 둔산동 1030,대전광역시 서구 대덕대로 235 (둔산동),44,1
100,대전광역시,서구,33629,명화빌딩,둔산2동,3017064000,둔산동,3017011200,대전광역시 서구 둔산동 1031,대전광역시 서구 대덕대로 229 (둔산동),128,2
101,대전광역시,서구,27962,동서빌딩,둔산2동,3017064000,둔산동,3017011200,대전광역시 서구 둔산동 1032,대전광역시 서구 대덕대로 227(둔산동),17,1
102,대전광역시,서구,27797,대우토피아,둔산2동,3017064000,둔산동,3017011200,대전광역시 서구 둔산동 1033,대전광역시 서구 대덕대로 223 (둔산동),56,1
103,대전광역시,서구,33372,갤러리아타임월드,둔산2동,3017064000,둔산동,3017011200,대전광역시 서구 둔산동 1036,대전광역시 서구 대덕대로 211 (둔산동),289,37
104,대전광역시,서구,27872,미래빌딩,둔산2동,3017064000,둔산동,3017011200,대전광역시 서구 둔산동 1040,대전광역시 서구 대덕대로 203 (둔산동),60,1
105,대전광역시,서구,27896,청운학원부속우남빌딩,둔산2동,3017064000,둔산동,3017011200,대전광역시 서구 둔산동 1041,대전광역시 서구 대덕대로 199 (둔산동),36,1
106,대전광역시,서구,27983,현대빌딩,둔산2동,3017064000,둔산동,3017011200,대전광역시 서구 둔산동 1043,대전광역시 서구 대덕대로 195 (둔산동),11,1
107,대전광역시,서구,27951,하나빌딩,둔산2동,3017064000,둔산동,3017011200,대전광역시 서구 둔산동 1044,대전광역시 서구 대덕대로 193 (둔산동),38,1
108,대전광역시,서구,27992,모태산부인과,둔산2동,3017064000,둔산동,3017011200,대전광역시 서구 둔산동 1045,대전광역시 서구 대덕대로 191(둔산동),15,2
109,대전광역시,서구,38259,모태산후조리원,둔산2동,3017064000,둔산동,3017011200,대전광역시 서구 둔산동 1046,대전광역시 서구 대덕대로 189 (둔산동),47,1
110,대전광역시,서구,28027,덕신빌딩,둔산2동,3017064000,둔산동,3017011200,대전광역시 서구 둔산동 1061,대전광역시 서구 둔산로 32-28 (둔산동),4,1
111,대전광역시,서구,28554,반포빌딩,둔산2동,3017064000,둔산동,3017011200,대전광역시 서구 둔산동 1062,대전광역시 서구 둔산로 32-30 (둔산동),8,1
112,대전광역시,서구,28533,태형빌딩,둔산2동,3017064000,둔산동,3017011200,대전광역시 서구 둔산동 1063,대전광역시 서구 대덕대로185번길 22 (둔산동),30,5
113,대전광역시,서구,28033,명성빌딩,둔산2동,3017064000,둔산동,3017011200,대전광역시 서구 둔산동 1064,대전광역시 서구 대덕대로185번길 30 (둔산동),8,1
114,대전광역시,서구,27976,장훈빌딩,둔산2동,3017064000,둔산동,3017011200,대전광역시 서구 둔산동 1068,대전광역시 서구 둔지로 18 (둔산동),20,1
115,대전광역시,서구,27913,대일빌딩,둔산2동,3017064000,둔산동,3017011200,대전광역시 서구 둔산동 1072,대전광역시 서구 둔산로 20 (둔산동),48,1
116,대전광역시,서구,33340,경희빌딩,둔산2동,3017064000,둔산동,3017011200,대전광역시 서구 둔산동 1075,대전광역시 서구 둔지로 15 (둔산동),32,5
117,대전광역시,서구,28014,그린코아,둔산2동,3017064000,둔산동,3017011200,대전광역시 서구 둔산동 1082,대전광역시 서구 둔산로 14 (둔산동),22,2
118,대전광역시,서구,27972,희락빌딩,둔산2동,3017064000,둔산동,3017011200,대전광역시 서구 둔산동 1098,대전광역시 서구 대덕대로185번길 63 (둔산동),8,1
119,대전광역시,서구,37068,수정빌딩,둔산2동,3017064000,둔산동,3017011200,대전광역시 서구 둔산동 1104,대전광역시 서구 대덕대로185번길 27 (둔산동),18,1
120,대전광역시,서구,27961,우진빌딩B동,둔산2동,3017064000,둔산동,3017011200,대전광역시 서구 둔산동 1105,대전광역시 서구 대덕대로185번길 25 (둔산동),6,1
121,대전광역시,서구,27964,우진빌딩A동,둔산2동,3017064000,둔산동,3017011200,대전광역시 서구 둔산동 1105-1,대전광역시 서구 대덕대로185번길 23 (둔산동),6,1
122,대전광역시,서구,33390,대전광역시새마을회,둔산2동,3017064000,둔산동,3017011200,대전광역시 서구 둔산동 1106,대전광역시 서구 대덕대로185번길 19 (둔산동),13,2
123,대전광역시,서구,42441,IBIZA(이비자),둔산2동,3017064000,둔산동,3017011200,대전광역시 서구 둔산동 1108-0,대전광역시 서구 대덕대로185번길 9(둔산동),14,2
124,대전광역시,서구,28072,비엔씨타워,둔산2동,3017064000,둔산동,3017011200,대전광역시 서구 둔산동 1109,대전광역시 서구 대덕대로 183 (둔산동),60,1
125,대전광역시,서구,42384,엠제이굿모닝빌딩,둔산2동,3017064000,둔산동,3017011200,대전광역시 서구 둔산동 1110,대전광역시 서구 대덕대로 179 (둔산동),66,1
126,대전광역시,서구,51754,효안과빌딩,둔산2동,3017064000,둔산동,3017011200,대전광역시 서구 둔산동 1112,대전광역시 서구 대덕대로175번길 16(둔산동),96,2
127,대전광역시,서구,38246,(주)현대리바트 대전점,둔산2동,3017064000,둔산동,3017011200,대전광역시 서구 둔산동 1125,대전광역시 서구 대덕대로 178 (둔산동),18,1
128,대전광역시,서구,28495,대전대학교둔산캠퍼스,둔산2동,3017064000,둔산동,3017011200,대전광역시 서구 둔산동 1135,대전광역시 서구 대덕대로176번길 59 (둔산동),49,1
129,대전광역시,서구,27936,진영빌딩,둔산2동,3017064000,둔산동,3017011200,대전광역시 서구 둔산동 1143,대전광역시 서구 문정로 7 (둔산동),38,1
130,대전광역시,서구,27917,강은빌라,둔산2동,3017064000,둔산동,3017011200,대전광역시 서구 둔산동 1146,대전광역시 서구 문정로9번길 27 (둔산동),8,1
131,대전광역시,서구,35556,오라클빌딩,둔산2동,3017064000,둔산동,3017011200,대전광역시 서구 둔산동 1160,대전광역시 서구 대덕대로 182 (둔산동),120,2
132,대전광역시,서구,28000,백마빌딩,둔산2동,3017064000,둔산동,3017011200,대전광역시 서구 둔산동 1163,대전광역시 서구 대덕대로 194 (둔산동),50,1
133,대전광역시,서구,27971,프뢰벨빌딩,둔산2동,3017064000,둔산동,3017011200,대전광역시 서구 둔산동 1164,대전광역시 서구 대덕대로 198 (둔산동),50,1
134,대전광역시,서구,27924,선우빌딩,둔산2동,3017064000,둔산동,3017011200,대전광역시 서구 둔산동 1165,대전광역시 서구 대덕대로 200 (둔산동),34,1
135,대전광역시,서구,27866,경구빌딩,둔산2동,3017064000,둔산동,3017011200,대전광역시 서구 둔산동 1166,대전광역시 서구 대덕대로 202 (둔산동),40,1
136,대전광역시,서구,27846,대전축산업협동조합,둔산2동,3017064000,둔산동,3017011200,대전광역시 서구 둔산동 1168,대전광역시 서구 둔산로 50 (둔산동),26,1
137,대전광역시,서구,36744,미라클빌딩,둔산2동,3017064000,둔산동,3017011200,대전광역시 서구 둔산동 1169,대전광역시 서구 둔산로 52 (둔산동),51,1
138,대전광역시,서구,37069,굿모닝빌딩,둔산2동,3017064000,둔산동,3017011200,대전광역시 서구 둔산동 1173,대전광역시 서구 둔산로 64 (둔산동),5,1
139,대전광역시,서구,28047,신우빌딩,둔산2동,3017064000,둔산동,3017011200,대전광역시 서구 둔산동 1175,대전광역시 서구 둔산로 70 (둔산동),38,1
140,대전광역시,서구,33344,시티크리닉,둔산2동,3017064000,둔산동,3017011200,대전광역시 서구 둔산동 1179,대전광역시 서구 둔산로 76 (둔산동),20,2
141,대전광역시,서구,28012,춘추빌딩,둔산2동,3017064000,둔산동,3017011200,대전광역시 서구 둔산동 1185,대전광역시 서구 둔산남로9번길 87 (둔산동),6,1
142,대전광역시,서구,27867,희복빌딩,둔산2동,3017064000,둔산동,3017011200,대전광역시 서구 둔산동 1188,대전광역시 서구 둔산남로9번길 79(둔산동),10,1
143,대전광역시,서구,27925,원영빌딩,둔산2동,3017064000,둔산동,3017011200,대전광역시 서구 둔산동 1189,대전광역시 서구 둔산남로9번길 77 (둔산동),8,1
144,대전광역시,서구,27916,대영빌딩,둔산2동,3017064000,둔산동,3017011200,대전광역시 서구 둔산동 1192,대전광역시 서구 둔산남로9번길 69(둔산동),12,1
145,대전광역시,서구,28025,장학학원,둔산2동,3017064000,둔산동,3017011200,대전광역시 서구 둔산동 1195,대전광역시 서구 둔산남로9번길 51 (둔산동),8,1
146,대전광역시,서구,27979,공완빌딩,둔산2동,3017064000,둔산동,3017011200,대전광역시 서구 둔산동 1197,대전광역시 서구 둔산남로9번길 43 (둔산동),6,1
147,대전광역시,서구,28008,연세빌딩,둔산2동,3017064000,둔산동,3017011200,대전광역시 서구 둔산동 1198,대전광역시 서구 둔산남로9번길 39 (둔산동),6,1
148,대전광역시,서구,27861,청암빌딩,둔산2동,3017064000,둔산동,3017011200,대전광역시 서구 둔산동 1200,대전광역시 서구 둔산남로9번길 35 (둔산동),8,1
149,대전광역시,서구,27960,유신빌딩,둔산2동,3017064000,둔산동,3017011200,대전광역시 서구 둔산동 1206,대전광역시 서구 둔산남로9번길 116 (둔산동),10,1
150,대전광역시,서구,27933,문빌딩,둔산2동,3017064000,둔산동,3017011200,대전광역시 서구 둔산동 1207,대전광역시 서구 둔산로74번길 19 (둔산동),4,1
151,대전광역시,서구,33385,대동빌딩,둔산2동,3017064000,둔산동,3017011200,대전광역시 서구 둔산동 1209,대전광역시 서구 둔산로74번길 25(둔산동),10,2
152,대전광역시,서구,27929,둔산하나빌딩,둔산2동,3017064000,둔산동,3017011200,대전광역시 서구 둔산동 1211,대전광역시 서구 둔산로74번길 29 (둔산동),2,1
153,대전광역시,서구,28004,송림빌딩,둔산2동,3017064000,둔산동,3017011200,대전광역시 서구 둔산동 1212,대전광역시 서구 둔산로74번길 31 (둔산동),8,1
154,대전광역시,서구,27890,대일빌딩,둔산2동,3017064000,둔산동,3017011200,대전광역시 서구 둔산동 1215,대전광역시 서구 둔산로74번길 39(둔산동),5,1
155,대전광역시,서구,28537,한림제약 대전사옥,둔산2동,3017064000,둔산동,3017011200,대전광역시 서구 둔산동 1216,대전광역시 서구 둔산로74번길 43 (둔산동),10,1
156,대전광역시,서구,33364,리베라빌딩,둔산2동,3017064000,둔산동,3017011200,대전광역시 서구 둔산동 1217,대전광역시 서구 둔산남로 41 (둔산동),14,2
157,대전광역시,서구,28048,성남빌딩,둔산2동,3017064000,둔산동,3017011200,대전광역시 서구 둔산동 1218,대전광역시 서구 둔산남로 42 (둔산동),4,1
158,대전광역시,서구,33376,현진빌딩,둔산2동,3017064000,둔산동,3017011200,대전광역시 서구 둔산동 1222,대전광역시 서구 계룡로491번길 82 (둔산동),10,2
159,대전광역시,서구,28039,세명회관,둔산2동,3017064000,둔산동,3017011200,대전광역시 서구 둔산동 1229,대전광역시 서구 계룡로491번길 58 (둔산동),12,2
160,대전광역시,서구,28028,웅진빌딩,둔산2동,3017064000,둔산동,3017011200,대전광역시 서구 둔산동 1230,대전광역시 서구 계룡로491번길 56 (둔산동),12,3
161,대전광역시,서구,28010,서해빌딩,둔산2동,3017064000,둔산동,3017011200,대전광역시 서구 둔산동 1235,대전광역시 서구 계룡로491번길 28 (둔산동),11,1
162,대전광역시,서구,28059,정우빌딩,둔산2동,3017064000,둔산동,3017011200,대전광역시 서구 둔산동 1236,대전광역시 서구 계룡로491번길 24 (둔산동),12,2
163,대전광역시,서구,33407,선일빌딩,둔산2동,3017064000,둔산동,3017011200,대전광역시 서구 둔산동 1237,대전광역시 서구 계룡로491번길 20 (둔산동),16,3
164,대전광역시,서구,36810,둔산보라매빌딩,둔산2동,3017064000,둔산동,3017011200,대전광역시 서구 둔산동 1241,대전광역시 서구 문정로 17 (둔산동),28,1
165,대전광역시,서구,52156,건물명없음,둔산2동,3017064000,둔산동,3017011200,대전광역시 서구 둔산동 1247,대전광역시 서구 문정로 31 (둔산동),50,1
166,대전광역시,서구,36809,선우빌딩,둔산2동,3017064000,둔산동,3017011200,대전광역시 서구 둔산동 1248,대전광역시 서구 둔산서로 3 (둔산동),50,1
167,대전광역시,서구,28583,성호빌딩,둔산2동,3017064000,둔산동,3017011200,대전광역시 서구 둔산동 1249,대전광역시 서구 둔산서로 5 (둔산동),42,1
168,대전광역시,서구,27915,새천년빌딩,둔산2동,3017064000,둔산동,3017011200,대전광역시 서구 둔산동 1253,대전광역시 서구 둔산서로 15 (둔산동),48,1
169,대전광역시,서구,27991,대전아카데미,둔산2동,3017064000,둔산동,3017011200,대전광역시 서구 둔산동 1254,대전광역시 서구 둔산서로 17 (둔산동),36,1
170,대전광역시,서구,28001,대신빌딩,둔산2동,3017064000,둔산동,3017011200,대전광역시 서구 둔산동 1262,대전광역시 서구 둔산서로 31 (둔산동),54,1
171,대전광역시,서구,27982,주식회사제일교육,둔산2동,3017064000,둔산동,3017011200,대전광역시 서구 둔산동 1264,대전광역시 서구 둔산서로 37 (둔산동),26,13
172,대전광역시,서구,33356,중소기업중앙회 대전세종충남지역본부,둔산2동,3017064000,둔산동,3017011200,대전광역시 서구 둔산동 1267,대전광역시 서구 둔산서로 47 (둔산동),79,2
173,대전광역시,서구,27891,원광대학교대전치과병원,둔산2동,3017064000,둔산동,3017011200,대전광역시 서구 둔산동 1268,대전광역시 서구 둔산로 77 (둔산동),78,2
174,대전광역시,서구,40584,신화빌딩,둔산2동,3017064000,둔산동,3017011200,대전광역시 서구 둔산동 1270,대전광역시 서구 둔산로 71 (둔산동),26,1
175,대전광역시,서구,27799,금성빌딩,둔산2동,3017064000,둔산동,3017011200,대전광역시 서구 둔산동 1271,대전광역시 서구 둔산로 69 (둔산동),44,1
176,대전광역시,서구,28515,경보빌딩,둔산2동,3017064000,둔산동,3017011200,대전광역시 서구 둔산동 1272,대전광역시 서구 둔산로 67 (둔산동),48,1
177,대전광역시,서구,27898,대자빌딩,둔산2동,3017064000,둔산동,3017011200,대전광역시 서구 둔산동 1273,대전광역시 서구 둔산로 63 (둔산동),38,1
178,대전광역시,서구,50567,밝은누리,둔산2동,3017064000,둔산동,3017011200,대전광역시 서구 둔산동 1274,대전광역시 서구 둔산로 61,38,1
179,대전광역시,서구,27946,아이빌딩,둔산2동,3017064000,둔산동,3017011200,대전광역시 서구 둔산동 1275,대전광역시 서구 둔산로 59 (둔산동),36,1
180,대전광역시,서구,28034,현대캐피탈(주),둔산2동,3017064000,둔산동,3017011200,대전광역시 서구 둔산동 1277,대전광역시 서구 둔산로 55 (둔산동),16,2
181,대전광역시,서구,27869,장천빌딩,둔산2동,3017064000,둔산동,3017011200,대전광역시 서구 둔산동 1281,대전광역시 서구 둔산로51번길 16 (둔산동),32,1
182,대전광역시,서구,27986,태화빌딩,둔산2동,3017064000,둔산동,3017011200,대전광역시 서구 둔산동 1286,대전광역시 서구 대덕대로220번길 38 (둔산동),30,1
183,대전광역시,서구,27967,대전전문건설회관,둔산2동,3017064000,둔산동,3017011200,대전광역시 서구 둔산동 1290,대전광역시 서구 대덕대로220번길 54 (둔산동),54,2
184,대전광역시,서구,37070,고운손빌딩,둔산2동,3017064000,둔산동,3017011200,대전광역시 서구 둔산동 1291,대전광역시 서구 둔산서로 59 (둔산동),60,1
185,대전광역시,서구,28752,KT 그랜드뷰,둔산2동,3017064000,둔산동,3017011200,대전광역시 서구 둔산동 1293,대전광역시 서구 둔산서로 65 (둔산동),23,1
186,대전광역시,서구,28093,한국야쿠르트대전사옥,둔산2동,3017064000,둔산동,3017011200,대전광역시 서구 둔산동 1297,대전광역시 서구 둔산서로 69(둔산동),35,1
187,대전광역시,서구,43781,대전을지대학교병원,둔산2동,3017064000,둔산동,3017011200,대전광역시 서구 둔산동 1306,대전광역시 서구 둔산서로 95 (둔산동 1306),96,2
188,대전광역시,서구,28656,유니온빌딩,둔산2동,3017064000,둔산동,3017011200,대전광역시 서구 둔산동 1307,대전광역시 서구 대덕대로242번길 48 (둔산동),60,1
189,대전광역시,서구,49997,건물명없음,둔산2동,3017064000,둔산동,3017011200,대전광역시 서구 둔산동 1310,대전광역시 서구 둔산동 1310,68,1
190,대전광역시,서구,47909,스타웍스주식회사,둔산2동,3017064000,둔산동,3017011200,대전광역시 서구 둔산동 1312,대전광역시 서구 둔산동 1312,68,1
191,대전광역시,서구,40083,레지던스호텔블루샵,둔산2동,3017064000,둔산동,3017011200,대전광역시 서구 둔산동 1313,대전광역시 서구 둔산로73번길 22 (둔산동),64,1
192,대전광역시,서구,38917,굿모닝레지던스호텔 휴,둔산2동,3017064000,둔산동,3017011200,대전광역시 서구 둔산동 1314,대전광역시 서구 둔산로73번길 21 (둔산동),42,1
193,대전광역시,서구,40891,모텔코보스,둔산2동,3017064000,둔산동,3017011200,대전광역시 서구 둔산동 1315,대전광역시 서구 둔산로73번길 25 (둔산동),18,1
194,대전광역시,서구,28029,리더스빌딩,둔산2동,3017064000,둔산동,3017011200,대전광역시 서구 둔산동 1318,대전광역시 서구 둔산로73번길 37 (둔산동),22,1
195,대전광역시,서구,28639,임상의학센터,둔산2동,3017064000,둔산동,3017011200,대전광역시 서구 둔산동 1322,대전광역시 서구 대덕대로242번길 30 (둔산동),30,1
196,대전광역시,서구,27899,둔산컴포텔,둔산2동,3017064000,둔산동,3017011200,대전광역시 서구 둔산동 1323,대전광역시 서구 대덕대로234번길 29 (둔산동),18,1
197,대전광역시,서구,27934,수모텔,둔산2동,3017064000,둔산동,3017011200,대전광역시 서구 둔산동 1326,대전광역시 서구 둔산로65번길 34 (둔산동),12,1
198,대전광역시,서구,51552,봉쥬르카운티2,둔산2동,3017064000,둔산동,3017011200,대전광역시 서구 둔산동 1328,대전광역시 서구 둔산로65번길 24,58,1
199,대전광역시,서구,27963,대덕빌딩,둔산2동,3017064000,둔산동,3017011200,대전광역시 서구 둔산동 1329,대전광역시 서구 대덕대로220번길 35 (둔산동),38,1
200,대전광역시,서구,28031,둔산제일빌딩,둔산2동,3017064000,둔산동,3017011200,대전광역시 서구 둔산동 1332,대전광역시 서구 둔산로65번길 25 (둔산동),11,1
201,대전광역시,서구,38527,이안레지던스호텔,둔산2동,3017064000,둔산동,3017011200,대전광역시 서구 둔산동 1333,대전광역시 서구 둔산로65번길 29 (둔산동),17,1
202,대전광역시,서구,51476,더호텔아리아,둔산2동,3017064000,둔산동,3017011200,대전광역시 서구 둔산동 1337,대전광역시 서구 대덕대로234번길 21 (둔산동),19,1
203,대전광역시,서구,45901,을지대학병원,둔산2동,3017064000,둔산동,3017011200,대전광역시 서구 둔산동 1338,대전광역시 서구 둔산로65번길 57,140,2
204,대전광역시,서구,28682,을지3관,둔산2동,3017064000,둔산동,3017011200,대전광역시 서구 둔산동 1343,대전광역시 서구 둔산로65번길 75 (둔산동),12,1
205,대전광역시,서구,41210,레지던스호텔라인,둔산2동,3017064000,둔산동,3017011200,대전광역시 서구 둔산동 1351,대전광역시 서구 둔산로51번길 76(둔산동),34,1
206,대전광역시,서구,28677,둔산의아침,둔산2동,3017064000,둔산동,3017011200,대전광역시 서구 둔산동 1352,대전광역시 서구 대덕대로242번길 15 (둔산동),34,1
207,대전광역시,서구,27870,재능교육둔산사업장,둔산2동,3017064000,둔산동,3017011200,대전광역시 서구 둔산동 1354,대전광역시 서구 대덕대로234번길 15 (둔산동),50,1
208,대전광역시,서구,27942,동향빌딩,둔산2동,3017064000,둔산동,3017011200,대전광역시 서구 둔산동 1355,대전광역시 서구 대덕대로234번길 18(둔산동),52,1
209,대전광역시,서구,40063,레지던스라미아호텔,둔산2동,3017064000,둔산동,3017011200,대전광역시 서구 둔산동 1356,대전광역시 서구 둔산로51번길 42(둔산동),34,1
210,대전광역시,서구,43263,건물명없음,둔산2동,3017064000,둔산동,3017011200,대전광역시 서구 둔산동 1357,대전광역시 서구 둔산로51번길 38 (둔산동 1357),38,1
211,대전광역시,서구,40205,호텔락희운영,둔산2동,3017064000,둔산동,3017011200,대전광역시 서구 둔산동 1359,대전광역시 서구 대덕대로220번길 23 (둔산동),26,1
212,대전광역시,서구,41190,(주)시냅스(킴벨메디컬빌딩),둔산2동,3017064000,둔산동,3017011200,대전광역시 서구 둔산동 1367-0,대전광역시 서구 대덕대로 238,60,2
213,대전광역시,서구,27897,서림빌딩,둔산1동,3017063000,둔산동,3017011200,대전광역시 서구 둔산동 1391,대전광역시 서구 둔산로137번길 44 (둔산동),26,1
214,대전광역시,서구,27838,봉화빌딩,둔산1동,3017063000,둔산동,3017011200,대전광역시 서구 둔산동 1392,대전광역시 서구 둔산중로78번길 40 (둔산동),54,1
215,대전광역시,서구,28675,청우빌딩,둔산1동,3017063000,둔산동,3017011200,대전광역시 서구 둔산동 1393,대전광역시 서구 둔산중로78번길 36 (둔산동),46,1
216,대전광역시,서구,28631,법조빌딩,둔산1동,3017063000,둔산동,3017011200,대전광역시 서구 둔산동 1394,대전광역시 서구 둔산중로78번길 30 (둔산동),44,1
217,대전광역시,서구,36425,민석타워,둔산1동,3017063000,둔산동,3017011200,대전광역시 서구 둔산동 1395,대전광역시 서구 둔산중로78번길 26(둔산동),72,1
218,대전광역시,서구,28018,명진빌딩,둔산1동,3017063000,둔산동,3017011200,대전광역시 서구 둔산동 1396,대전광역시 서구 둔산중로78번길 20 (둔산동),92,2
219,대전광역시,서구,28665,PJ빌딩,둔산1동,3017063000,둔산동,3017011200,대전광역시 서구 둔산동 1397,대전광역시 서구 둔산로123번길 43 (둔산동),88,2
220,대전광역시,서구,37066,인곡타워,둔산1동,3017063000,둔산동,3017011200,대전광역시 서구 둔산동 1398,대전광역시 서구 둔산중로 74 (둔산동),70,1
221,대전광역시,서구,40580,그레이톤호텔,둔산1동,3017063000,둔산동,3017011200,대전광역시 서구 둔산동 1403,대전광역시 서구 둔산중로 70 (둔산동),56,1
222,대전광역시,서구,28705,센티온오피스텔,둔산1동,3017063000,둔산동,3017011200,대전광역시 서구 둔산동 1412,대전광역시 서구 둔산중로 54 (둔산동),75,2
223,대전광역시,서구,36833,메트로빌딩,둔산1동,3017063000,둔산동,3017011200,대전광역시 서구 둔산동 1415,대전광역시 서구 둔산중로46번길 10 (둔산동),7,1
224,대전광역시,서구,28581,더리치빌,둔산1동,3017063000,둔산동,3017011200,대전광역시 서구 둔산동 1417,대전광역시 서구 둔산중로 40 (둔산동),64,1
225,대전광역시,서구,27993,메트로존,둔산1동,3017063000,둔산동,3017011200,대전광역시 서구 둔산동 1419,대전광역시 서구 둔산중로 38 (둔산동),70,1
226,대전광역시,서구,48482,건물명없음,둔산1동,3017063000,둔산동,3017011200,대전광역시 서구 둔산동 1422,대전광역시 서구 둔산동 1422,26,1
227,대전광역시,서구,28057,크레온오피스텔,둔산1동,3017063000,둔산동,3017011200,대전광역시 서구 둔산동 1423,대전광역시 서구 둔산남로 85 (둔산동),56,2
228,대전광역시,서구,38776,의재빌딩,둔산1동,3017063000,둔산동,3017011200,대전광역시 서구 둔산동 1424,대전광역시 서구 둔산남로 87 (둔산동),34,1
229,대전광역시,서구,38256,지안빌딩,둔산1동,3017063000,둔산동,3017011200,대전광역시 서구 둔산동 1425,대전광역시 서구 둔산남로 93 (둔산동),18,1
230,대전광역시,서구,27931,원풍빌딩,둔산1동,3017063000,둔산동,3017011200,대전광역시 서구 둔산동 1427,대전광역시 서구 둔산남로 97(둔산동),24,1
231,대전광역시,서구,28497,둥지빌딩,둔산1동,3017063000,둔산동,3017011200,대전광역시 서구 둔산동 1432,대전광역시 서구 둔산남로105번길 11(둔산동),18,1
232,대전광역시,서구,43307,리빙레지던스,둔산1동,3017063000,둔산동,3017011200,대전광역시 서구 둔산동 1434,대전광역시 서구 둔산중로32번길 35 (둔산동 1434),34,1
233,대전광역시,서구,28037,영광빌딩,둔산1동,3017063000,둔산동,3017011200,대전광역시 서구 둔산동 1436,대전광역시 서구 둔산중로32번길 25(둔산동),30,1
234,대전광역시,서구,27918,목련빌딩,둔산1동,3017063000,둔산동,3017011200,대전광역시 서구 둔산동 1437,대전광역시 서구 둔산남로91번길 16(둔산동),30,1
235,대전광역시,서구,27994,그린빌딩,둔산1동,3017063000,둔산동,3017011200,대전광역시 서구 둔산동 1439,대전광역시 서구 둔산중로40번길 20 (둔산동),11,1
236,대전광역시,서구,27989,오성빌딩,둔산1동,3017063000,둔산동,3017011200,대전광역시 서구 둔산동 1440,대전광역시 서구 둔산중로40번길 28 (둔산동),22,1
237,대전광역시,서구,28662,아이엔지,둔산1동,3017063000,둔산동,3017011200,대전광역시 서구 둔산동 1441,대전광역시 서구 둔산중로40번길 34 (둔산동),19,1
238,대전광역시,서구,28015,대전중앙신용협동조합,둔산1동,3017063000,둔산동,3017011200,대전광역시 서구 둔산동 1444,대전광역시 서구 둔산남로105번길 27 (둔산동),35,1
239,대전광역시,서구,28672,태둔빌딩,둔산1동,3017063000,둔산동,3017011200,대전광역시 서구 둔산동 1445,대전광역시 서구 둔산중로40번길 31 (둔산동),22,1
240,대전광역시,서구,28118,미드멜리호텔,둔산1동,3017063000,둔산동,3017011200,대전광역시 서구 둔산동 1446,대전광역시 서구 둔산중로40번길 27 (둔산동),19,1
241,대전광역시,서구,28016,청암빌딩,둔산1동,3017063000,둔산동,3017011200,대전광역시 서구 둔산동 1447,대전광역시 서구 둔산중로40번길 19 (둔산동),34,1
242,대전광역시,서구,33392,그린빌딩,둔산1동,3017063000,둔산동,3017011200,대전광역시 서구 둔산동 1449,대전광역시 서구 둔산중로46번길 30 (둔산동),47,6
243,대전광역시,서구,27848,둔산타워,둔산1동,3017063000,둔산동,3017011200,대전광역시 서구 둔산동 1451,대전광역시 서구 둔산로 136 (둔산동),54,1
244,대전광역시,서구,28540,한신빌딩,둔산1동,3017063000,둔산동,3017011200,대전광역시 서구 둔산동 1455,대전광역시 서구 둔산로 125 (둔산동),50,1
245,대전광역시,서구,28081,현대아이텔,둔산1동,3017063000,둔산동,3017011200,대전광역시 서구 둔산동 1457,대전광역시 서구 둔산로 133 (둔산동),108,1
246,대전광역시,서구,37067,신명빌딩,둔산1동,3017063000,둔산동,3017011200,대전광역시 서구 둔산동 1459,대전광역시 서구 둔산로137번길 13 (둔산동),10,1
247,대전광역시,서구,44185,센트럴하이브리드,둔산1동,3017063000,둔산동,3017011200,대전광역시 서구 둔산동 1462,대전광역시 서구 둔산중로58번길 29 (둔산동 1462),38,1
248,대전광역시,서구,27850,동림빌딩,둔산1동,3017063000,둔산동,3017011200,대전광역시 서구 둔산동 1463,대전광역시 서구 둔산중로58번길 25 (둔산동),36,1
249,대전광역시,서구,28056,동연빌딩,둔산1동,3017063000,둔산동,3017011200,대전광역시 서구 둔산동 1464,대전광역시 서구 둔산로123번길 14 (둔산동),10,1
250,대전광역시,서구,41769,파티오,둔산1동,3017063000,둔산동,3017011200,대전광역시 서구 둔산동 1465,대전광역시 서구 둔산로123번길 18(둔산동),22,1
251,대전광역시,서구,40796,둔산마치오피스텔,둔산1동,3017063000,둔산동,3017011200,대전광역시 서구 둔산동 1466,대전광역시 서구 둔산중로64번길 20 (둔산동),38,1
252,대전광역시,서구,33425,건물명없음,둔산1동,3017063000,둔산동,3017011200,대전광역시 서구 둔산동 1467,대전광역시 서구 둔산중로64번길 26 (둔산동),38,1
253,대전광역시,서구,27900,지원빌딩,둔산1동,3017063000,둔산동,3017011200,대전광역시 서구 둔산동 1468,대전광역시 서구 둔산중로64번길 32 (둔산동),26,1
254,대전광역시,서구,28525,대승빌딩,둔산1동,3017063000,둔산동,3017011200,대전광역시 서구 둔산동 1469,대전광역시 서구 둔산로137번길 21 (둔산동),34,1
255,대전광역시,서구,27999,브라운빌딩,둔산1동,3017063000,둔산동,3017011200,대전광역시 서구 둔산동 1474,대전광역시 서구 둔산로123번길 28(둔산동),38,1
256,대전광역시,서구,28094,건우빌딩,둔산1동,3017063000,둔산동,3017011200,대전광역시 서구 둔산동 1477,대전광역시 서구 둔산로137번길 31 (둔산동),18,1
257,대전광역시,서구,27860,청남빌딩,둔산1동,3017063000,둔산동,3017011200,대전광역시 서구 둔산동 1478,대전광역시 서구 둔산로137번길 35 (둔산동),11,1
258,대전광역시,서구,33350,태재빌딩,둔산1동,3017063000,둔산동,3017011200,대전광역시 서구 둔산동 1479,대전광역시 서구 둔산로137번길 36 (둔산동),19,3
259,대전광역시,서구,28017,고도빌딩,둔산1동,3017063000,둔산동,3017011200,대전광역시 서구 둔산동 1484,대전광역시 서구 둔산로137번길 18 (둔산동),26,2
260,대전광역시,서구,28609,신화빌딩,둔산1동,3017063000,둔산동,3017011200,대전광역시 서구 둔산동 1487,대전광역시 서구 둔산로 142 (둔산동),46,1
261,대전광역시,서구,27795,미미빌딩,둔산1동,3017063000,둔산동,3017011200,대전광역시 서구 둔산동 1488-1,대전광역시 서구 둔산남로105번길 32 (둔산동),16,1
262,대전광역시,서구,40267,여수동빌딩,둔산1동,3017063000,둔산동,3017011200,대전광역시 서구 둔산동 1489,대전광역시 서구 둔산남로105번길 28 (둔산동),6,1
263,대전광역시,서구,33354,오석빌딩,둔산1동,3017063000,둔산동,3017011200,대전광역시 서구 둔산동 1491,대전광역시 서구 둔산남로105번길 22 (둔산동),16,3
264,대전광역시,서구,36962,명문빌딩,둔산1동,3017063000,둔산동,3017011200,대전광역시 서구 둔산동 1494,대전광역시 서구 둔산남로 107 (둔산동),32,1
265,대전광역시,서구,27724,MB빌딩,둔산1동,3017063000,둔산동,3017011200,대전광역시 서구 둔산동 1496,대전광역시 서구 문예로 33 (둔산동),38,1
266,대전광역시,서구,28061,주니빌딩,둔산1동,3017063000,둔산동,3017011200,대전광역시 서구 둔산동 1498,대전광역시 서구 문예로 37 (둔산동),52,1
267,대전광역시,서구,27969,남전빌딩,둔산1동,3017063000,둔산동,3017011200,대전광역시 서구 둔산동 1499,대전광역시 서구 문예로 39 (둔산동),13,1
268,대전광역시,서구,27935,우송빌딩,둔산1동,3017063000,둔산동,3017011200,대전광역시 서구 둔산동 1500,대전광역시 서구 문예로 41 (둔산동),18,2
269,대전광역시,서구,27910,윤성빌딩,둔산1동,3017063000,둔산동,3017011200,대전광역시 서구 둔산동 1500-1,대전광역시 서구 문예로 43 (둔산동),36,1
270,대전광역시,서구,27875,남원프라자,둔산1동,3017063000,둔산동,3017011200,대전광역시 서구 둔산동 1501,대전광역시 서구 둔산로 144 (둔산동),74,1
271,대전광역시,서구,27970,또르뚜에,둔산1동,3017063000,둔산동,3017011200,대전광역시 서구 둔산동 1503,대전광역시 서구 문예로 59(둔산동),39,1
272,대전광역시,서구,28019,신대림빌딩,둔산1동,3017063000,둔산동,3017011200,대전광역시 서구 둔산동 1504,대전광역시 서구 문예로 61 (둔산동),38,1
273,대전광역시,서구,27736,행촌회관,둔산1동,3017063000,둔산동,3017011200,대전광역시 서구 둔산동 1505,대전광역시 서구 문예로 63 (둔산동),44,1
274,대전광역시,서구,28002,대광빌딩,둔산1동,3017063000,둔산동,3017011200,대전광역시 서구 둔산동 1506,대전광역시 서구 문예로 65(둔산동),53,1
275,대전광역시,서구,33383,지인빌딩,둔산1동,3017063000,둔산동,3017011200,대전광역시 서구 둔산동 1507,대전광역시 서구 문예로 67 (둔산동),25,2
276,대전광역시,서구,27908,오성빌딩,둔산1동,3017063000,둔산동,3017011200,대전광역시 서구 둔산동 1508,대전광역시 서구 문예로 69 (둔산동),50,1
277,대전광역시,서구,28607,청사오피스텔,둔산2동,3017064000,둔산동,3017011200,대전광역시 서구 둔산동 915,대전광역시 서구 청사로 228 (둔산동),48,1
278,대전광역시,서구,27809,주은오피스텔,둔산2동,3017064000,둔산동,3017011200,대전광역시 서구 둔산동 921,대전광역시 서구 둔산중로 138 (둔산동),69,1
279,대전광역시,서구,28066,드림타운,둔산2동,3017064000,둔산동,3017011200,대전광역시 서구 둔산동 925,대전광역시 서구 둔산중로134번길 39 (둔산동),44,1
280,대전광역시,서구,39463,신용협동조합중앙회,둔산2동,3017064000,둔산동,3017011200,대전광역시 서구 둔산동 949,대전광역시 서구 한밭대로 745 (둔산동),100,2
281,대전광역시,서구,35554,탑클래스,둔산2동,3017064000,둔산동,3017011200,대전광역시 서구 둔산동 975,대전광역시 서구 둔지로 50 (둔산동),22,2
282,대전광역시,서구,28155,농협은행(주)둔산지점,둔산2동,3017064000,둔산동,3017011200,대전광역시 서구 둔산동 978,대전광역시 서구 둔지로 42 (둔산동),18,1
283,대전광역시,서구,27944,에이치원빌딩,둔산2동,3017064000,둔산동,3017011200,대전광역시 서구 둔산동 984,대전광역시 서구 둔산로 25(둔산동),34,1
284,대전광역시,서구,28003,오하야미빌딩,둔산2동,3017064000,둔산동,3017011200,대전광역시 서구 둔산동 986,대전광역시 서구 둔산로31번길 13 (둔산동),22,1
285,대전광역시,서구,27858,백남빌딩,둔산2동,3017064000,둔산동,3017011200,대전광역시 서구 둔산동 988,대전광역시 서구 둔산로31번길 21(둔산동),28,1
286,대전광역시,서구,28054,석원빌딩,둔산2동,3017064000,둔산동,3017011200,대전광역시 서구 둔산동 989,대전광역시 서구 대덕대로217번길 32 (둔산동),13,1
287,대전광역시,서구,27974,정일빌딩,둔산2동,3017064000,둔산동,3017011200,대전광역시 서구 둔산동 997,대전광역시 서구 둔산로31번길 61 (둔산동),20,1
288,대전광역시,서구,28610,금강문화센타,둔산2동,3017064000,둔산동,3017011200,대전광역시 서구 둔산동 998,대전광역시 서구 둔산로31번길 65 (둔산동),14,1
289,대전광역시,서구,28638,현향빌딩,둔산2동,3017064000,둔산동,3017011200,대전광역시 서구 둔산동 999,대전광역시 서구 둔산로31번길 69 (둔산동),8,2
290,대전광역시,서구,38765,해가든센트럴파크오피스텔,만년동,3017065000,만년동,3017012800,대전광역시 서구 만년동 282,대전광역시 서구 대덕대로 366 (만년동),50,5
291,대전광역시,서구,37853,화성빌딩,만년동,3017065000,만년동,3017012800,대전광역시 서구 만년동 293,대전광역시 서구 대덕대로 394 (만년동),11,1
292,대전광역시,서구,28021,청사크리닉,만년동,3017065000,만년동,3017012800,대전광역시 서구 만년동 294,대전광역시 서구 대덕대로 396 (만년동),36,1
293,대전광역시,서구,40474,제이원빌딩(J1빌딩),만년동,3017065000,만년동,3017012800,대전광역시 서구 만년동 295,대전광역시 서구 대덕대로 398 (만년동),48,1
294,대전광역시,서구,28046,신주빌딩,만년동,3017065000,만년동,3017012800,대전광역시 서구 만년동 297,대전광역시 서구 대덕대로 400 (만년동),6,1
295,대전광역시,서구,28009,산호빌딩,만년동,3017065000,만년동,3017012800,대전광역시 서구 만년동 322,대전광역시 서구 만년로67번길 18-13 (만년동),6,1
296,대전광역시,서구,33415,서구보건소,만년동,3017065000,만년동,3017012800,대전광역시 서구 만년동 340,대전광역시 서구 만년로 74 (만년동),22,3
297,대전광역시,서구,27984,금성빌딩,만년동,3017065000,만년동,3017012800,대전광역시 서구 만년동 343,대전광역시 서구 만년로 80 (만년동),34,1
298,대전광역시,서구,28038,진성빌딩,만년동,3017065000,만년동,3017012800,대전광역시 서구 만년동 345,대전광역시 서구 둔산대로117번길 39(만년동),8,1
299,대전광역시,서구,28119,귀빈빌딩,만년동,3017065000,만년동,3017012800,대전광역시 서구 만년동 349,대전광역시 서구 만년로68번길 21 (만년동),14,1
300,대전광역시,서구,38787,동화빌딩,만년동,3017065000,만년동,3017012800,대전광역시 서구 만년동 356,대전광역시 서구 둔산대로117번길 25 (만년동),12,1
301,대전광역시,서구,28020,거상빌딩,만년동,3017065000,만년동,3017012800,대전광역시 서구 만년동 376,대전광역시 서구 둔산대로117번길 18 (만년동),20,1
302,대전광역시,서구,33379,엑스포오피스텔,만년동,3017065000,만년동,3017012800,대전광역시 서구 만년동 381,대전광역시 서구 둔산대로117번길 44 (만년동),76,9
303,대전광역시,서구,27987,만년리체스,만년동,3017065000,만년동,3017012800,대전광역시 서구 만년동 389,대전광역시 서구 둔산대로117번길 76 (만년동),48,1
304,대전광역시,서구,28074,신성빌딩,변동,3017054000,변동,3017010200,대전광역시 서구 변동 61-6,대전광역시 서구 도산로 159 (변동),7,2
305,대전광역시,서구,33394,삼정빌딩,변동,3017054000,변동,3017010200,대전광역시 서구 변동 62-6,대전광역시 서구 도산로 158 (변동),20,4
306,대전광역시,서구,28120,제3유통,용문동,3017055000,용문동,3017010500,대전광역시 서구 용문동 244-58,대전광역시 서구 계룡로 663-17 (용문동),4,1
307,대전광역시,서구,28616,Y&P,용문동,3017055000,용문동,3017010500,대전광역시 서구 용문동 255-59,대전광역시 서구 계룡로 676 (용문동),12,2
308,대전광역시,서구,50437,롯데렌탈주식회사,용문동,3017055000,용문동,3017010500,대전광역시 서구 용문동 282-7,대전광역시 서구 유등로 487 (용문동),150,3
309,대전광역시,서구,27879,수정빌딩,용문동,3017055000,용문동,3017010500,대전광역시 서구 용문동 589-12,대전광역시 서구 계룡로 630 (용문동),43,1
310,대전광역시,서구,33403,페트로스,용문동,3017055000,용문동,3017010500,대전광역시 서구 용문동 589-6,대전광역시 서구 계룡로 624 (용문동),14,2
311,대전광역시,서구,50786,용문동 행복복지센터,용문동,3017055000,용문동,3017010500,대전광역시 서구 용문동 589-7,대전광역시 서구 계룡로 626-1 (용문동 589-7),19,1
312,대전광역시,서구,28161,동명빌딩,용문동,3017055000,용문동,3017010500,대전광역시 서구 용문동 590-30,대전광역시 서구 계룡로620번길 23 (용문동),5,1
313,대전광역시,서구,28078,충청남도새마을회,용문동,3017055000,용문동,3017010500,대전광역시 서구 용문동 594-3,대전광역시 서구 계룡로 640 (용문동),36,1
314,대전광역시,서구,33427,동화빌딩,월평2동,3017058700,월평동,3017011300,대전광역시 서구 월평동 225,대전광역시 서구 대덕대로335번길 13 (월평동),10,2
315,대전광역시,서구,28083,엄지빌딩,월평2동,3017058700,월평동,3017011300,대전광역시 서구 월평동 230,대전광역시 서구 청사서로54번길 11 (월평동),4,1
316,대전광역시,서구,28126,명일빌딩,월평2동,3017058700,월평동,3017011300,대전광역시 서구 월평동 232,대전광역시 서구 청사서로 54 (월평동),7,1
317,대전광역시,서구,28088,둔산J빌딩,월평2동,3017058700,월평동,3017011300,대전광역시 서구 월평동 234,대전광역시 서구 월평북로 79 (월평동),16,2
318,대전광역시,서구,27953,형원빌딩,월평2동,3017058700,월평동,3017011300,대전광역시 서구 월평동 238,대전광역시 서구 월평북로 87 (월평동),4,1
319,대전광역시,서구,33460,아산빌딩,월평2동,3017058700,월평동,3017011300,대전광역시 서구 월평동 240,대전광역시 서구 월평북로 91 (월평동),18,3
320,대전광역시,서구,33439,만년오피스텔,월평2동,3017058700,월평동,3017011300,대전광역시 서구 월평동 241,대전광역시 서구 월평북로 95 (월평동),56,1
321,대전광역시,서구,33617,스타게이트,월평2동,3017058700,월평동,3017011300,대전광역시 서구 월평동 243,대전광역시 서구 대덕대로 325 (월평동),125,2
322,대전광역시,서구,28005,우림필유오피스텔,월평2동,3017058700,월평동,3017011300,대전광역시 서구 월평동 244,대전광역시 서구 대덕대로 319 (월평동),57,1
323,대전광역시,서구,28565,청사빌딩,월평2동,3017058700,월평동,3017011300,대전광역시 서구 월평동 249,대전광역시 서구 월평북로 88-10 (월평동),36,1
324,대전광역시,서구,28184,영생빌딩,월평2동,3017058700,월평동,3017011300,대전광역시 서구 월평동 250,대전광역시 서구 월평북로 88-16 (월평동),36,1
325,대전광역시,서구,28143,선사인혜요양병원,월평2동,3017058700,월평동,3017011300,대전광역시 서구 월평동 251,대전광역시 서구 대덕대로317번길 26 (월평동),30,1
326,대전광역시,서구,28053,신안빌딩,월평2동,3017058700,월평동,3017011300,대전광역시 서구 월평동 252,대전광역시 서구 청사로123번길 34 (월평동),18,1
327,대전광역시,서구,28133,샘타운,월평2동,3017058700,월평동,3017011300,대전광역시 서구 월평동 253,대전광역시 서구 청사로123번길 38 (월평동),48,1
328,대전광역시,서구,27988,대주빌딩,월평2동,3017058700,월평동,3017011300,대전광역시 서구 월평동 256,대전광역시 서구 월평북로 82 (월평동),30,1
329,대전광역시,서구,28101,둔산프라자,월평2동,3017058700,월평동,3017011300,대전광역시 서구 월평동 262,대전광역시 서구 청사서로 40 (월평동),26,1
330,대전광역시,서구,28092,삼주빌딩,월평2동,3017058700,월평동,3017011300,대전광역시 서구 월평동 264,대전광역시 서구 청사서로 44 (월평동),10,1
331,대전광역시,서구,28131,한독빌딩,월평2동,3017058700,월평동,3017011300,대전광역시 서구 월평동 265,대전광역시 서구 청사서로 46(월평동),42,1
332,대전광역시,서구,28062,선사크리닉,월평2동,3017058700,월평동,3017011300,대전광역시 서구 월평동 273,대전광역시 서구 청사로 121 (월평동),36,1
333,대전광역시,서구,28526,선사빌딩,월평2동,3017058700,월평동,3017011300,대전광역시 서구 월평동 276,대전광역시 서구 청사로123번길 15 (월평동),10,1
334,대전광역시,서구,33413,수양빌딩,월평2동,3017058700,월평동,3017011300,대전광역시 서구 월평동 277,대전광역시 서구 청사로123번길 19 (월평동),16,2
335,대전광역시,서구,33431,태림빌딩,월평2동,3017058700,월평동,3017011300,대전광역시 서구 월평동 279,대전광역시 서구 청사로123번길 25 (월평동),16,2
336,대전광역시,서구,28040,익평빌딩,월평2동,3017058700,월평동,3017011300,대전광역시 서구 월평동 285-1,대전광역시 서구 한밭대로707번길 13 (월평동),12,1
337,대전광역시,서구,33435,썬빌딩,월평2동,3017058700,월평동,3017011300,대전광역시 서구 월평동 286,대전광역시 서구 한밭대로707번길 15 (월평동),13,2
338,대전광역시,서구,27980,선사빌딩,월평2동,3017058700,월평동,3017011300,대전광역시 서구 월평동 286-1,대전광역시 서구 한밭대로707번길 19 (월평동),6,1
339,대전광역시,서구,28167,청안빌딩,월평2동,3017058700,월평동,3017011300,대전광역시 서구 월평동 289,대전광역시 서구 한밭대로707번길 27 (월평동),11,2
340,대전광역시,서구,35539,청원빌딩,월평2동,3017058700,월평동,3017011300,대전광역시 서구 월평동 291,대전광역시 서구 청사로 120 (월평동 291),96,2
341,대전광역시,서구,28230,엔케이빌딩,월평2동,3017058700,월평동,3017011300,대전광역시 서구 월평동 293,대전광역시 서구 청사서로 16(월평동),17,1
342,대전광역시,서구,33417,대성빌딩,월평2동,3017058700,월평동,3017011300,대전광역시 서구 월평동 294,대전광역시 서구 청사서로 14 (월평동),14,2
343,대전광역시,서구,28103,C & S 빌딩,월평2동,3017058700,월평동,3017011300,대전광역시 서구 월평동 295,대전광역시 서구 청사서로 12 (월평동),26,1
344,대전광역시,서구,28128,신문룡빌딩,월평1동,3017058600,월평동,3017011300,대전광역시 서구 월평동 427,대전광역시 서구 월평로37번길 34 (월평동),12,2
345,대전광역시,서구,41650,미라지수입가구,월평1동,3017058600,월평동,3017011300,대전광역시 서구 월평동 428-0,대전광역시 서구 한밭대로570번길 2(월평동),14,1
346,대전광역시,서구,28102,가석빌딩,월평1동,3017058600,월평동,3017011300,대전광역시 서구 월평동 492,대전광역시 서구 한밭대로570번길 12-7 (월평동),10,1
347,대전광역시,서구,28463,동산빌딩,월평1동,3017058600,월평동,3017011300,대전광역시 서구 월평동 495,대전광역시 서구 한밭대로570번길 26 (월평동),17,1
348,대전광역시,서구,28084,성지빌딩,월평1동,3017058600,월평동,3017011300,대전광역시 서구 월평동 499,대전광역시 서구 한밭대로570번길 40-7 (월평동),11,1
349,대전광역시,서구,28113,워커힐모텔,월평1동,3017058600,월평동,3017011300,대전광역시 서구 월평동 507,대전광역시 서구 월평로 47 (월평동),7,1
350,대전광역시,서구,28077,휴앤유관광호텔,월평1동,3017058600,월평동,3017011300,대전광역시 서구 월평동 511,대전광역시 서구 한밭대로570번길 29-12 (월평동),19,1
351,대전광역시,서구,51579,컨티뉴호텔,월평1동,3017058600,월평동,3017011300,대전광역시 서구 월평동 512-1,대전광역시 서구 월평로 53-9,16,1
352,대전광역시,서구,28030,태원빌딩,월평1동,3017058600,월평동,3017011300,대전광역시 서구 월평동 514,대전광역시 서구 월평로 57 (월평동),40,1
353,대전광역시,서구,28060,계룡건설산업별관,월평1동,3017058600,월평동,3017011300,대전광역시 서구 월평동 517,대전광역시 서구 월평중로 25 (월평동),6,1
354,대전광역시,서구,28210,용원빌딩,월평1동,3017058600,월평동,3017011300,대전광역시 서구 월평동 522,대전광역시 서구 월평로 65 (월평동),8,1
355,대전광역시,서구,28098,대가빌딩,월평1동,3017058600,월평동,3017011300,대전광역시 서구 월평동 532,대전광역시 서구 월평중로 22 (월평동),16,1
356,대전광역시,서구,28095,푸른크리닉,월평1동,3017058600,월평동,3017011300,대전광역시 서구 월평동 533,대전광역시 서구 월평중로 24 (월평동),6,1
357,대전광역시,서구,28091,문룡빌딩,월평1동,3017058600,월평동,3017011300,대전광역시 서구 월평동 540,대전광역시 서구 월평중로 36 (월평동),17,1
358,대전광역시,서구,28201,장인빌딩,월평1동,3017058600,월평동,3017011300,대전광역시 서구 월평동 542,대전광역시 서구 한밭대로592번길 6 (월평동),9,2
359,대전광역시,서구,28611,서호빌딩,월평1동,3017058600,월평동,3017011300,대전광역시 서구 월평동 850,대전광역시 서구 월평중로 14 (월평동),6,1
360,대전광역시,서구,27955,백마빌딩,월평1동,3017058600,월평동,3017011300,대전광역시 서구 월평동 851,대전광역시 서구 월평중로14번길 5 (월평동),14,1
361,대전광역시,서구,28189,태관빌딩,월평1동,3017058600,월평동,3017011300,대전광역시 서구 월평동 852,대전광역시 서구 월평중로14번길 11 (월평동),14,1
362,대전광역시,서구,28145,예인빌딩,월평1동,3017058600,월평동,3017011300,대전광역시 서구 월평동 853,대전광역시 서구 월평중로14번길 15 (월평동),18,1
363,대전광역시,서구,28281,세림빌딩,월평1동,3017058600,월평동,3017011300,대전광역시 서구 월평동 857,대전광역시 서구 월평로 72 (월평동),2,1
364,대전광역시,서구,28065,리치빌딩,월평1동,3017058600,월평동,3017011300,대전광역시 서구 월평동 858,대전광역시 서구 월평로 70 (월평동),5,1
365,대전광역시,서구,27839,구성빌딩,월평1동,3017058600,월평동,3017011300,대전광역시 서구 월평동 861,대전광역시 서구 월평로 64 (월평동),16,2
366,대전광역시,서구,28707,삼덕빌딩,월평1동,3017058600,월평동,3017011300,대전광역시 서구 월평동 904,대전광역시 서구 월평중로13번길 22 (월평동),10,2
367,대전광역시,서구,28162,세환빌딩,월평1동,3017058600,월평동,3017011300,대전광역시 서구 월평동 908,대전광역시 서구 월평중로13번길 6(월평동),10,1
368,대전광역시,서구,28090,숙원빌딩,월평1동,3017058600,월평동,3017011300,대전광역시 서구 월평동 909,대전광역시 서구 월평중로 13 (월평동),10,1
369,대전광역시,서구,28007,승호빌딩,월평1동,3017058600,월평동,3017011300,대전광역시 서구 월평동 910,대전광역시 서구 월평로 60 (월평동),19,1
370,대전광역시,서구,28023,조명빌딩,월평1동,3017058600,월평동,3017011300,대전광역시 서구 월평동 911,대전광역시 서구 월평로 58 (월평동),20,1
371,대전광역시,서구,28075,목우빌딩,월평1동,3017058600,월평동,3017011300,대전광역시 서구 월평동 912,대전광역시 서구 월평로 54 (월평동),20,1
372,대전광역시,서구,28121,신원빌딩,월평1동,3017058600,월평동,3017011300,대전광역시 서구 월평동 913,대전광역시 서구 월평로 52(월평동),17,1
373,대전광역시,서구,28164,경동엔지니어링,월평1동,3017058600,월평동,3017011300,대전광역시 서구 월평동 914,대전광역시 서구 월평로 48 (월평동),48,1
374,대전광역시,서구,28158,솔레시티몰,월평1동,3017058600,월평동,3017011300,대전광역시 서구 월평동 915,대전광역시 서구 월평로 46(월평동),19,1
375,대전광역시,서구,28165,월드프라자,월평1동,3017058600,월평동,3017011300,대전광역시 서구 월평동 916,대전광역시 서구 월평로 40 (월평동),48,1
376,대전광역시,서구,33419,궁전예식장,정림동,3017053500,정림동,3017010400,대전광역시 서구 정림동 497,대전광역시 서구 계백로 1268 (정림동),16,4
377,대전광역시,서구,28070,칠성빌딩,정림동,3017053500,정림동,3017010400,대전광역시 서구 정림동 514,대전광역시 서구 정림로 78-14 (정림동),8,1
378,대전광역시,서구,28186,무지개종합시장,정림동,3017053500,정림동,3017010400,대전광역시 서구 정림동 610,대전광역시 서구 정림동로7번길 22 (정림동),18,1
379,대전광역시,서구,33448,정림프라자,정림동,3017053500,정림동,3017010400,대전광역시 서구 정림동 621,대전광역시 서구 정림로 56-10 (정림동),48,5
380,대전광역시,서구,28151,건물명없음,정림동,3017053500,정림동,3017010400,대전광역시 서구 정림동 634,대전광역시 서구 정림로 54 (정림동),4,1
381,대전광역시,서구,28141,서림빌딩,탄방동,3017055500,탄방동,3017010600,대전광역시 서구 탄방동 1028,대전광역시 서구 문정로 138 (탄방동),6,1
382,대전광역시,서구,28243,굿앤월드,탄방동,3017055500,탄방동,3017010600,대전광역시 서구 탄방동 1034,대전광역시 서구 문정로 148 (탄방동),28,1
383,대전광역시,서구,28049,나로빌딩,탄방동,3017055500,탄방동,3017010600,대전광역시 서구 탄방동 53-4,대전광역시 서구 계룡로583번길 2 (탄방동),9,1
384,대전광역시,서구,52850,건물명없음,탄방동,3017055500,탄방동,3017010600,대전광역시 서구 탄방동 56-3,대전광역시 서구 탄방동 56-3,4,1
385,대전광역시,서구,33596,SK텔레콤,탄방동,3017055500,탄방동,3017010600,대전광역시 서구 탄방동 594,대전광역시 서구 문정로 41 (탄방동),100,4
386,대전광역시,서구,28182,SK텔레콤,탄방동,3017055500,탄방동,3017010600,대전광역시 서구 탄방동 595,대전광역시 서구 문정로 37 (탄방동),30,3
387,대전광역시,서구,28263,한마음크리닉,탄방동,3017055500,탄방동,3017010600,대전광역시 서구 탄방동 599,대전광역시 서구 문정로 30 (탄방동),28,1
388,대전광역시,서구,28204,청솔빌딩,탄방동,3017055500,탄방동,3017010600,대전광역시 서구 탄방동 600,대전광역시 서구 문정로 28 (탄방동),12,1
389,대전광역시,서구,28708,진주강씨충열공파종중,탄방동,3017055500,탄방동,3017010600,대전광역시 서구 탄방동 602,대전광역시 서구 문정로 22(탄방동),36,1
390,대전광역시,서구,33441,중도빌딩,탄방동,3017055500,탄방동,3017010600,대전광역시 서구 탄방동 606,대전광역시 서구 문정로 12 (탄방동),25,5
391,대전광역시,서구,28663,리키빌딩,탄방동,3017055500,탄방동,3017010600,대전광역시 서구 탄방동 613,대전광역시 서구 계룡로509번길 21 (탄방동),12,2
392,대전광역시,서구,28715,태화빌딩,탄방동,3017055500,탄방동,3017010600,대전광역시 서구 탄방동 617,대전광역시 서구 계룡로509번길 35 (탄방동),8,1
393,대전광역시,서구,28262,(주)대한탄방,탄방동,3017055500,탄방동,3017010600,대전광역시 서구 탄방동 673,대전광역시 서구 문정로2번길 95 (탄방동),50,1
394,대전광역시,서구,37486,금성백조주택,탄방동,3017055500,탄방동,3017010600,대전광역시 서구 탄방동 682,대전광역시 서구 계룡로583번길 9 (탄방동),35,1
395,대전광역시,서구,28117,청전빌딩,탄방동,3017055500,탄방동,3017010600,대전광역시 서구 탄방동 690,대전광역시 서구 계룡로553번안길 37 (탄방동),11,1
396,대전광역시,서구,28716,세선빌딩,탄방동,3017055500,탄방동,3017010600,대전광역시 서구 탄방동 693,대전광역시 서구 계룡로553번안길 29 (탄방동),10,1
397,대전광역시,서구,28192,대아빌딩,탄방동,3017055500,탄방동,3017010600,대전광역시 서구 탄방동 695,대전광역시 서구 계룡로553번안길 23(탄방동),8,1
398,대전광역시,서구,28292,이연빌딩,탄방동,3017055500,탄방동,3017010600,대전광역시 서구 탄방동 697,대전광역시 서구 계룡로553번안길 19 (탄방동),6,1
399,대전광역시,서구,28163,평안빌딩,탄방동,3017055500,탄방동,3017010600,대전광역시 서구 탄방동 698,대전광역시 서구 계룡로553번안길 17 (탄방동),12,2
400,대전광역시,서구,28240,프라임빌딩,탄방동,3017055500,탄방동,3017010600,대전광역시 서구 탄방동 699,대전광역시 서구 문정로 62 (탄방동),20,1
401,대전광역시,서구,37071,제이엔에스빌딩,탄방동,3017055500,탄방동,3017010600,대전광역시 서구 탄방동 704,대전광역시 서구 문정로 70 (탄방동),48,1
402,대전광역시,서구,33451,아르누보팰리스,탄방동,3017055500,탄방동,3017010600,대전광역시 서구 탄방동 707,대전광역시 서구 둔산중로 20 (탄방동),167,26
403,대전광역시,서구,39402,로고스빌딩,탄방동,3017055500,탄방동,3017010600,대전광역시 서구 탄방동 710,대전광역시 서구 둔산남로 94 (탄방동),34,1
404,대전광역시,서구,28551,E.PLUS빌딩,탄방동,3017055500,탄방동,3017010600,대전광역시 서구 탄방동 711,대전광역시 서구 둔산남로 96 (탄방동),6,1
405,대전광역시,서구,28556,갤러리모텔,탄방동,3017055500,탄방동,3017010600,대전광역시 서구 탄방동 716,대전광역시 서구 둔산남로 98-16 (탄방동),19,1
406,대전광역시,서구,42693,건물명없음,탄방동,3017055500,탄방동,3017010600,대전광역시 서구 탄방동 721,대전광역시 서구 둔산중로14번길 35 (탄방동 721),8,2
407,대전광역시,서구,45989,건물명없음,탄방동,3017055500,탄방동,3017010600,대전광역시 서구 탄방동 722,대전광역시 서구 문정로89번길 33 (탄방동 722),48,1
408,대전광역시,서구,52965,건물명없음,탄방동,3017055500,탄방동,3017010600,대전광역시 서구 탄방동 723,대전광역시 서구 탄방동 723,74,1
409,대전광역시,서구,33464,우성빌딩,탄방동,3017055500,탄방동,3017010600,대전광역시 서구 탄방동 724,대전광역시 서구 둔산남로 100 (탄방동),28,4
410,대전광역시,서구,28153,명문개발빌딩,탄방동,3017055500,탄방동,3017010600,대전광역시 서구 탄방동 727,대전광역시 서구 둔산남로 108 (탄방동),46,1
411,대전광역시,서구,28284,IBK기업은행대전지점,탄방동,3017055500,탄방동,3017010600,대전광역시 서구 탄방동 728,대전광역시 서구 둔산남로 112 (탄방동),23,1
412,대전광역시,서구,28619,스카이빌딩,탄방동,3017055500,탄방동,3017010600,대전광역시 서구 탄방동 730,대전광역시 서구 문예로 19 (탄방동),34,1
413,대전광역시,서구,28241,그랑수아빌딩,탄방동,3017055500,탄방동,3017010600,대전광역시 서구 탄방동 732,대전광역시 서구 문예로 15 (탄방동),14,1
414,대전광역시,서구,38032,소천빌딩,탄방동,3017055500,탄방동,3017010600,대전광역시 서구 탄방동 734,대전광역시 서구 문예로 11 (탄방동),34,1
415,대전광역시,서구,28206,한국농어촌공사,탄방동,3017055500,탄방동,3017010600,대전광역시 서구 탄방동 736,대전광역시 서구 문예로 5 (탄방동),50,1
416,대전광역시,서구,43203,건물명없음,탄방동,3017055500,탄방동,3017010600,대전광역시 서구 탄방동 740,대전광역시 서구 문정로89번길 12 (탄방동 740),6,1
417,대전광역시,서구,28723,하이플러스오피스텔,탄방동,3017055500,탄방동,3017010600,대전광역시 서구 탄방동 743,대전광역시 서구 둔산중로14번길 36 (탄방동),66,1
418,대전광역시,서구,40927,세이디에스,탄방동,3017055500,탄방동,3017010600,대전광역시 서구 탄방동 744,대전광역시 서구 문정로 85 (탄방동),50,1
419,대전광역시,서구,39204,유일빌딩,탄방동,3017055500,탄방동,3017010600,대전광역시 서구 탄방동 747,대전광역시 서구 문정로 76 (탄방동),39,1
420,대전광역시,서구,37072,정우빌딩,탄방동,3017055500,탄방동,3017010600,대전광역시 서구 탄방동 748,대전광역시 서구 문정로 78 (탄방동),20,1
421,대전광역시,서구,28134,스카이빌딩,탄방동,3017055500,탄방동,3017010600,대전광역시 서구 탄방동 750,대전광역시 서구 문정로 82 (탄방동),12,1
422,대전광역시,서구,28140,세강빌딩,탄방동,3017055500,탄방동,3017010600,대전광역시 서구 탄방동 752,대전광역시 서구 문정로 86 (탄방동),8,1
423,대전광역시,서구,36170,세브란스산부인과,탄방동,3017055500,탄방동,3017010600,대전광역시 서구 탄방동 753,대전광역시 서구 문정로 88 (탄방동),2,1
424,대전광역시,서구,28217,G빌딩,탄방동,3017055500,탄방동,3017010600,대전광역시 서구 탄방동 755,대전광역시 서구 계룡로553번안길 71 (탄방동),17,1
425,대전광역시,서구,33466,중앙빌딩,탄방동,3017055500,탄방동,3017010600,대전광역시 서구 탄방동 756,대전광역시 서구 계룡로553번안길 69 (탄방동),10,2
426,대전광역시,서구,28082,웨스턴빌딩,탄방동,3017055500,탄방동,3017010600,대전광역시 서구 탄방동 757,대전광역시 서구 계룡로553번안길 65 (탄방동),6,1
427,대전광역시,서구,28667,기림빌딩,탄방동,3017055500,탄방동,3017010600,대전광역시 서구 탄방동 758,대전광역시 서구 계룡로553번안길 63 (탄방동),8,1
428,대전광역시,서구,28668,태일빌딩,탄방동,3017055500,탄방동,3017010600,대전광역시 서구 탄방동 760,대전광역시 서구 계룡로553번안길 55 (탄방동),11,1
429,대전광역시,서구,33610,아이앤디프라자,탄방동,3017055500,탄방동,3017010600,대전광역시 서구 탄방동 775,대전광역시 서구 문정로90번길 57 (탄방동),14,2
430,대전광역시,서구,28108,이노빌딩,탄방동,3017055500,탄방동,3017010600,대전광역시 서구 탄방동 787,대전광역시 서구 문정로90번길 21 (탄방동),8,1
431,대전광역시,서구,28170,영모빌딩,탄방동,3017055500,탄방동,3017010600,대전광역시 서구 탄방동 789,대전광역시 서구 문정로90번길 15 (탄방동),4,1
432,대전광역시,서구,28213,둔산전자타운,탄방동,3017055500,탄방동,3017010600,대전광역시 서구 탄방동 80-1,대전광역시 서구 도산로403번길 21 (탄방동),78,13
433,대전광역시,서구,28105,정일빌딩,탄방동,3017055500,탄방동,3017010600,대전광역시 서구 탄방동 81-10,대전광역시 서구 계룡로 637 (탄방동),40,5
434,대전광역시,서구,28087,우리빌딩,탄방동,3017055500,탄방동,3017010600,대전광역시 서구 탄방동 81-12,대전광역시 서구 계룡로 633 (탄방동),11,1
435,대전광역시,서구,33472,탄방빌딩,탄방동,3017055500,탄방동,3017010600,대전광역시 서구 탄방동 87-1,대전광역시 서구 탄방로 56 (탄방동),16,3
436,대전광역시,서구,28234,한빛빌딩,탄방동,3017055500,탄방동,3017010600,대전광역시 서구 탄방동 91-8,대전광역시 서구 계룡로 593 (탄방동),8,1
